"Focal","Partner","Partner2","fitness"
11,11,11,-0.605299473925827
11,12,11,-0.574428759712703
11,21,11,-0.0847747458665471
11,22,11,-0.0539040316534228
12,11,11,-0.0710995530232892
12,12,11,0.435133122477581
12,21,11,-0.263352403310527
12,22,11,0.242880272190343
21,11,12,-0.271682489810885
21,12,12,-0.338070988431988
21,21,12,0.0422550966343853
21,22,12,-0.024133401986718
22,11,12,-0.307102860757212
22,12,12,0.0289166217001666
22,21,12,-0.56703551498691
22,22,12,-0.231016032529531
