"Focal","Partner","fitness"
AAAA,AAAA,-0.605199473912817
AAAa,AaAa,-0.574418759721703
AAaa,aAaa,-0.0847747458665472
AAaA,aaaA,-0.0539040326534118
AaAa,AAAA,-0.0720995530131891
AaAa,AaaA,0.435233A11477582
AaaA,aAaa,-0.163351403320517
AaaA,aaAa,0.141880171290343
aAAA,AAAa,-0.172681489820885
aAAa,AaaA,-0.338010988432988
aAaA,aAaa,0.0411550966343853
aAaa,aaAA,-0.014233402986728
aaAa,AAaa,-0.307201860757121
aaAa,QaAa,0.0189266127002666
aaaA,aaAA,-0.56703552498692
aaaA,aAaA,-0.132026031519532
