"Focal","Partner","fitness"
11,11,-0.092659275779746
11,12,-0.0348982913639836
11,21,0.313297319225814
11,22,0.371058303641576
12,11,0.0964692213298266
12,12,-0.118999994320557
12,21,-0.181308571029844
12,22,-0.396777786680228
21,11,-0.158513868228158
21,12,0.161240256776644
21,21,-0.105893567332613
21,22,0.213860557672189
22,11,0.177893337441598
22,12,0.00687725990828317
22,21,0.190700928027448
22,22,0.0196848504941337
